<step title="Incoming Request" date="2025-10-26T08:55:46.364" instance="b69d9c" url="/deploy?scmType=ExternalGit&amp;isAsync=true" method="POST" type="request" pid="768,1,7" Host="fa-job-importer.scm.azurewebsites.net" User-Agent="Azure-WebSites-Controller/105.0.7.92" Authorization="Bas..." Expect="100-continue" Content-Length="89" x-ms-request-id="3006be5d-f1a1-498e-a93b-f91ee0e5c433" X-ARR-LOG-ID="3006be5d-f1a1-498e-a93b-f91ee0e5c433" CLIENT-IP="20.105.224.24:4932" X-SITE-DEPLOYMENT-ID="fa-job-importer" WAS-DEFAULT-HOSTNAME="fa-job-importer.scm.azurewebsites.net" X-MS-PLATFORM-INTERNAL="True" X-Forwarded-Proto="https" X-AppService-Proto="https" X-Forwarded-TlsVersion="1.3" X-WAWS-Unencoded-URL="/deploy?scmType=ExternalGit&amp;isAsync=true" X-Client-IP="20.105.224.24" X-Client-Port="4932" >
  <step title="Cleanup Xml Logs" date="2025-10-26T08:55:46.370" /><!-- duration: 15ms -->
  <step title="FetchHandler" date="2025-10-26T08:55:46.414" >
    <step title="Executing external process" date="2025-10-26T08:55:46.479" type="process" path="git" arguments="rev-parse --git-dir" /><!-- duration: 189ms -->
    <step title="Executing external process" date="2025-10-26T08:55:46.677" type="process" path="git" arguments="rev-parse --git-dir" /><!-- duration: 21ms -->
    <step title="Executing external process" date="2025-10-26T08:55:46.707" type="process" path="git" arguments="log -n 1 main --" /><!-- duration: 106ms -->
    <step title="Start deployment in the background" date="2025-10-26T08:55:46.822" >
      <step title="Executing external process" date="2025-10-26T08:55:46.862" type="process" path="git" arguments="rev-parse --git-dir" /><!-- duration: 20ms -->
      <step title="Executing external process" date="2025-10-26T08:55:46.891" type="process" path="git" arguments="rev-parse --git-dir" /><!-- duration: 18ms -->
      <step title="Executing external process" date="2025-10-26T08:55:46.917" type="process" path="git" arguments="log -n 1 main --" /><!-- duration: 32ms -->
      <step title="Acquiring Deployment Lock" date="2025-10-26T08:55:46.959" /><!-- duration: 8ms -->
      <step title="Acquired Deployment Lock" date="2025-10-26T08:55:47.031" /><!-- duration: 7ms -->
    </step><!-- duration: 337ms -->
  </step><!-- duration: 753ms -->
  <step title="Outgoing response" date="2025-10-26T08:55:47.177" type="response" statusCode="202" statusText="Accepted" /><!-- duration: 7ms -->
</step><!-- duration: 828ms -->
