<step title="Incoming Request" date="2025-10-26T06:04:50.709" instance="b69d9c" url="/api/publish?type=zip" method="POST" type="request" pid="768,1,7" Accept="*/*" Host="fa-job-importer.scm.azurewebsites.net" User-Agent="AZURECLI/2.78.0 (HOMEBREW)" Accept-Encoding="gzip, deflate" Authorization="Bea..." Cache-Control="no-cache" Content-Type="application/octet-stream" Content-Length="24426" x-ms-client-request-id="9a53f488-b231-11f0-8a04-e6ca8e22b212" x-ms-artifact-checksum="0a1ce7cfbbef5e70864bdd8de7abfd1b99caa3d08317734e266a0d3b41a783d9" X-ARR-LOG-ID="9a53f488-b231-11f0-8a04-e6ca8e22b212" CLIENT-IP="31.104.188.64:55426" X-SITE-DEPLOYMENT-ID="fa-job-importer" WAS-DEFAULT-HOSTNAME="fa-job-importer.scm.azurewebsites.net" X-Forwarded-Proto="https" X-AppService-Proto="https" X-Forwarded-TlsVersion="1.3" X-WAWS-Unencoded-URL="/api/publish?type=zip" X-Client-IP="31.104.188.64" X-Client-Port="55426" >
  <step title="OneDeploy" date="2025-10-26T06:04:51.344" >
    <step title="None repository commit" date="2025-10-26T06:04:51.364" >
      <step title="Commit id: 3d82804f-d19e-4a65-9bc4-95dfc413664d" date="2025-10-26T06:04:51.374" Message="N/A" AuthorName="N/A" AuthorEmail="N/A" /><!-- duration: 7ms -->
    </step><!-- duration: 27ms -->
    <step title="Starting PushDeployAsync" date="2025-10-26T06:04:51.400" /><!-- duration: 7ms -->
    <step title="Writing artifact to /tmp/zipdeploy/05f17926-17b4-45e7-b581-8c618cdcdebf.zip" date="2025-10-26T06:04:51.427" >
      <step title="Writing multipart request body to /tmp/zipdeploy/05f17926-17b4-45e7-b581-8c618cdcdebf.zip" date="2025-10-26T06:04:51.435" /><!-- duration: 7ms -->
    </step><!-- duration: 30ms -->
    <step title="Attempting to fetch target branch HEAD" date="2025-10-26T06:04:51.480" /><!-- duration: 7ms -->
    <step title="Acquiring Deployment Lock" date="2025-10-26T06:04:51.495" /><!-- duration: 8ms -->
    <step title="Acquired Deployment Lock" date="2025-10-26T06:04:51.589" /><!-- duration: 8ms -->
    <step title="Performing fetch based deployment" date="2025-10-26T06:04:51.618" >
      <step title="Creating temporary deployment" date="2025-10-26T06:04:51.628" /><!-- duration: 112ms -->
      <step title="Releasing Deployment Lock" date="2025-10-26T06:04:52.991" /><!-- duration: 24ms -->
      <step title="Cleaning up temp folders from previous zip deployments and extracting pushed zip file /tmp/zipdeploy/05f17926-17b4-45e7-b581-8c618cdcdebf.zip (0.02 MB) to /tmp/zipdeploy/extracted" date="2025-10-26T06:04:53.082" >
        <step title="ChmodRecursive Process exited with total time taken in ms: 61" date="2025-10-26T06:04:53.182" /><!-- duration: 27ms -->
      </step><!-- duration: 150ms -->
      <step title="None repository commit" date="2025-10-26T06:04:53.253" >
        <step title="Commit id: 3d82804f-d19e-4a65-9bc4-95dfc413664d" date="2025-10-26T06:04:53.260" Message="OneDeploy" AuthorName="N/A" AuthorEmail="N/A" /><!-- duration: 7ms -->
      </step><!-- duration: 22ms -->
      <step title="Deployment timer started" date="2025-10-26T06:04:55.285" >
        <step title="DeploymentManager.Deploy(id:3d82804f-d19e-4a65-9bc4-95dfc413664d)" date="2025-10-26T06:04:55.312" >
          <step title="Collecting changeset information" date="2025-10-26T06:04:55.337" /><!-- duration: 169ms -->
          <step title="Updating submodules" date="2025-10-26T06:04:55.519" /><!-- duration: 1233ms -->
          <step title="Determining deployment builder" date="2025-10-26T06:04:57.220" >
            <step title="Builder is OneDeployBuilder" date="2025-10-26T06:04:57.245" /><!-- duration: 10ms -->
          </step><!-- duration: 56ms -->
          <step title="PreDeployment: context.CleanOutputPath False" date="2025-10-26T06:04:57.364" >
            <step title="PreDeployment: context.OutputPath /home/site/wwwroot" date="2025-10-26T06:04:57.575" >
              <step title="Building" date="2025-10-26T06:04:57.831" >
                <step title="Executing external process" date="2025-10-26T06:04:59.594" type="process" path="starter.sh" arguments="/opt/Kudu/Scripts/parallel_rsync.sh /tmp/zipdeploy/extracted /home/site/wwwroot 8 /tmp/ False False  " /><!-- duration: 5216ms -->
                <step title="Modified file to trigger a restart of the app container." date="2025-10-26T06:05:05.625" /><!-- duration: 8ms -->
                <step title="Skip function trigger and logicapp sync because function is not enabled." date="2025-10-26T06:05:05.642" /><!-- duration: 7ms -->
              </step><!-- duration: 8808ms -->
            </step><!-- duration: 9081ms -->
            <step title="Cleaning up temp files" date="2025-10-26T06:05:06.663" /><!-- duration: 7ms -->
            <step title="Cleaning up temp files" date="2025-10-26T06:05:06.677" /><!-- duration: 509ms -->
            <step title="Reloading status file with latest updates" date="2025-10-26T06:05:07.246" >
              <step title="WebHooksManager.PublishEventAsync: PostDeployment" date="2025-10-26T06:05:07.254" /><!-- duration: 107ms -->
            </step><!-- duration: 127ms -->
            <step title="Cleaning up temporary deployment - fetch deployment was successful" date="2025-10-26T06:05:07.386" /><!-- duration: 7ms -->
          </step><!-- duration: 10144ms -->
        </step><!-- duration: 12209ms -->
        <step title="Outgoing response" date="2025-10-26T06:05:07.537" type="response" statusCode="200" statusText="OK" /><!-- duration: 11ms -->
      </step><!-- duration: 12272ms -->
