<step title="Incoming Request" date="2025-10-26T08:21:20.164" instance="b69d9c" url="/api/publish?type=zip" method="POST" type="request" pid="767,1,38" Accept="*/*" Host="fa-job-importer.scm.azurewebsites.net" User-Agent="AZURECLI/2.78.0 (HOMEBREW)" Accept-Encoding="gzip, deflate" Authorization="Bea..." Cache-Control="no-cache" Content-Type="application/octet-stream" Cookie="ARRAffinity=b69d9c88041fe5125a840627a5b76422f886fc7a09938923c527e6effb8afe42; ARRAffinitySameSite=b69d9c88041fe5125a840627a5b76422f886fc7a09938923c527e6effb8afe42" Content-Length="191690" x-ms-client-request-id="b933e170-b244-11f0-8faa-e6ca8e22b212" x-ms-artifact-checksum="2371cc4a65ebca5eb5b3b087ffbefdcf388385408da18df179d2a8c896c44952" X-ARR-LOG-ID="b933e170-b244-11f0-8faa-e6ca8e22b212" CLIENT-IP="31.104.188.64:60336" X-SITE-DEPLOYMENT-ID="fa-job-importer" WAS-DEFAULT-HOSTNAME="fa-job-importer.scm.azurewebsites.net" X-Forwarded-Proto="https" X-AppService-Proto="https" X-Forwarded-TlsVersion="1.3" X-WAWS-Unencoded-URL="/api/publish?type=zip" X-Client-IP="31.104.188.64" X-Client-Port="60336" >
  <step title="Cleanup Xml Logs" date="2025-10-26T08:21:20.283" /><!-- duration: 50ms -->
  <step title="OneDeploy" date="2025-10-26T08:21:20.851" >
    <step title="Starting PushDeployAsync" date="2025-10-26T08:21:20.892" /><!-- duration: 9ms -->
    <step title="Writing artifact to /tmp/zipdeploy/c5bcb496-38aa-4cd6-83c4-6c422b520bda.zip" date="2025-10-26T08:21:20.920" >
      <step title="Writing multipart request body to /tmp/zipdeploy/c5bcb496-38aa-4cd6-83c4-6c422b520bda.zip" date="2025-10-26T08:21:20.942" /><!-- duration: 23ms -->
    </step><!-- duration: 476ms -->
    <step title="Attempting to fetch target branch HEAD" date="2025-10-26T08:21:21.566" /><!-- duration: 30ms -->
    <step title="Acquiring Deployment Lock" date="2025-10-26T08:21:21.647" /><!-- duration: 21ms -->
    <step title="Acquired Deployment Lock" date="2025-10-26T08:21:21.860" /><!-- duration: 47ms -->
    <step title="Performing fetch based deployment" date="2025-10-26T08:21:21.950" >
      <step title="Creating temporary deployment" date="2025-10-26T08:21:22.071" /><!-- duration: 511ms -->
      <step title="Releasing Deployment Lock" date="2025-10-26T08:21:24.544" /><!-- duration: 101ms -->
      <step title="Cleaning up temp folders from previous zip deployments and extracting pushed zip file /tmp/zipdeploy/c5bcb496-38aa-4cd6-83c4-6c422b520bda.zip (0.18 MB) to /tmp/zipdeploy/extracted" date="2025-10-26T08:21:25.025" >
        <step title="ChmodRecursive Process exited with total time taken in ms: 422" date="2025-10-26T08:21:26.374" /><!-- duration: 92ms -->
      </step><!-- duration: 1561ms -->
      <step title="None repository commit" date="2025-10-26T08:21:26.717" >
        <step title="Commit id: cce76f18-cef9-44af-ab21-0f1dba2e4502" date="2025-10-26T08:21:26.797" Message="OneDeploy" AuthorName="N/A" AuthorEmail="N/A" /><!-- duration: 88ms -->
      </step><!-- duration: 228ms -->
      <step title="Deployment timer started" date="2025-10-26T08:21:29.059" >
        <step title="DeploymentManager.Deploy(id:cce76f18-cef9-44af-ab21-0f1dba2e4502)" date="2025-10-26T08:21:29.089" >
          <step title="Collecting changeset information" date="2025-10-26T08:21:29.210" /><!-- duration: 435ms -->
          <step title="Updating submodules" date="2025-10-26T08:21:29.695" /><!-- duration: 1939ms -->
          <step title="Determining deployment builder" date="2025-10-26T08:21:32.736" >
            <step title="Builder is OryxBuilder" date="2025-10-26T08:21:32.802" /><!-- duration: 14ms -->
          </step><!-- duration: 116ms -->
          <step title="PreDeployment: context.CleanOutputPath False" date="2025-10-26T08:21:33.006" >
            <step title="PreDeployment: context.OutputPath /home/site/wwwroot" date="2025-10-26T08:21:33.445" >
              <step title="Building" date="2025-10-26T08:21:33.900" >
                <step title="Executing external process" date="2025-10-26T08:21:35.115" type="process" path="bash" arguments="-c &quot;oryx build /tmp/zipdeploy/extracted -o /home/site/wwwroot --platform python --platform-version 3.11 -p virtualenv_name=antenv --log-file /tmp/build-debug.log  -i /tmp/8de1468ac0b99c9 --compress-destination-dir | tee /tmp/oryx-build.log ; exit $PIPESTATUS &quot;" 