<step title="Incoming Request" date="2025-10-26T07:56:42.799" instance="b69d9c" url="/api/publish?type=zip" method="POST" type="request" pid="767,1,63" Accept="*/*" Host="fa-job-importer.scm.azurewebsites.net" User-Agent="AZURECLI/2.78.0 (HOMEBREW)" Accept-Encoding="gzip, deflate" Authorization="Bea..." Cache-Control="no-cache" Content-Type="application/octet-stream" Cookie="ARRAffinity=b69d9c88041fe5125a840627a5b76422f886fc7a09938923c527e6effb8afe42; ARRAffinitySameSite=b69d9c88041fe5125a840627a5b76422f886fc7a09938923c527e6effb8afe42" Content-Length="22947" x-ms-client-request-id="49f03672-b241-11f0-a238-e6ca8e22b212" x-ms-artifact-checksum="640f9050206a9127247f255a2f6ba54af98e350b65ae4cf17d6c6ff51090f527" X-ARR-LOG-ID="49f03672-b241-11f0-a238-e6ca8e22b212" CLIENT-IP="31.104.188.64:59587" X-SITE-DEPLOYMENT-ID="fa-job-importer" WAS-DEFAULT-HOSTNAME="fa-job-importer.scm.azurewebsites.net" X-Forwarded-Proto="https" X-AppService-Proto="https" X-Forwarded-TlsVersion="1.3" X-WAWS-Unencoded-URL="/api/publish?type=zip" X-Client-IP="31.104.188.64" X-Client-Port="59587" >
  <step title="OneDeploy" date="2025-10-26T07:56:43.008" >
    <step title="Starting PushDeployAsync" date="2025-10-26T07:56:43.180" /><!-- duration: 32ms -->
    <step title="Writing artifact to /tmp/zipdeploy/78099ffb-48e8-413d-9790-1490c0373236.zip" date="2025-10-26T07:56:43.293" >
      <step title="Writing multipart request body to /tmp/zipdeploy/78099ffb-48e8-413d-9790-1490c0373236.zip" date="2025-10-26T07:56:43.314" /><!-- duration: 27ms -->
    </step><!-- duration: 213ms -->
    <step title="Attempting to fetch target branch HEAD" date="2025-10-26T07:56:43.537" /><!-- duration: 12ms -->
    <step title="Acquiring Deployment Lock" date="2025-10-26T07:56:43.597" /><!-- duration: 8ms -->
    <step title="Acquired Deployment Lock" date="2025-10-26T07:56:43.675" /><!-- duration: 15ms -->
    <step title="Performing fetch based deployment" date="2025-10-26T07:56:43.707" >
      <step title="Creating temporary deployment" date="2025-10-26T07:56:43.728" /><!-- duration: 157ms -->
      <step title="Releasing Deployment Lock" date="2025-10-26T07:56:45.195" /><!-- duration: 17ms -->
      <step title="Cleaning up temp folders from previous zip deployments and extracting pushed zip file /tmp/zipdeploy/78099ffb-48e8-413d-9790-1490c0373236.zip (0.02 MB) to /tmp/zipdeploy/extracted" date="2025-10-26T07:56:45.259" >
        <step title="ChmodRecursive Process exited with total time taken in ms: 110" date="2025-10-26T07:56:45.430" /><!-- duration: 11ms -->
      </step><!-- duration: 194ms -->
      <step title="None repository commit" date="2025-10-26T07:56:45.464" >
        <step title="Commit id: 0c223cc9-6aa1-4e56-a117-2177f9bfa72f" date="2025-10-26T07:56:45.472" Message="OneDeploy" AuthorName="N/A" AuthorEmail="N/A" /><!-- duration: 8ms -->
      </step><!-- duration: 24ms -->
      <step title="Deployment timer started" date="2025-10-26T07:56:47.536" >
        <step title="DeploymentManager.Deploy(id:0c223cc9-6aa1-4e56-a117-2177f9bfa72f)" date="2025-10-26T07:56:47.549" >
          <step title="Collecting changeset information" date="2025-10-26T07:56:47.594" /><!-- duration: 181ms -->
          <step title="Updating submodules" date="2025-10-26T07:56:47.789" /><!-- duration: 1230ms -->
          <step title="Determining deployment builder" date="2025-10-26T07:56:49.394" >
            <step title="Builder is OneDeployBuilder" date="2025-10-26T07:56:49.422" /><!-- duration: 9ms -->
          </step><!-- duration: 49ms -->
          <step title="PreDeployment: context.CleanOutputPath False" date="2025-10-26T07:56:49.528" >
            <step title="PreDeployment: context.OutputPath /home/site/wwwroot" date="2025-10-26T07:56:49.737" >
              <step title="Building" date="2025-10-26T07:56:49.953" >
                <step title="Executing external process" date="2025-10-26T07:56:51.005" type="process" path="starter.sh" arguments="/opt/Kudu/Scripts/parallel_rsync.sh /tmp/zipdeploy/extracted /home/site/wwwroot 8 /tmp/ False False  " /><!-- duration: 3487ms -->
                <step title="Modified file to trigger a restart of the app container." date="2025-10-26T07:56:55.104" /><!-- duration: 9ms -->
                <step title="Skip function trigger and logicapp sync because function is not enabled." date="2025-10-26T07:56:55.796" /><!-- duration: 18ms -->
              </step><!-- duration: 7131ms -->
            </step><!-- duration: 7363ms -->
            <step title="Cleaning up temp files" date="2025-10-26T07:56:57.115" /><!-- duration: 10ms -->
            <step title="Cleaning up temp files" date="2025-10-26T07:56:57.133" /><!-- duration: 515ms -->
            <step title="Reloading status file with latest updates" date="2025-10-26T07:56:57.718" >
              <step title="WebHooksManager.PublishEventAsync: PostDeployment" date="2025-10-26T07:56:57.727" /><!-- duration: 37ms -->
            </step><!-- duration: 56ms -->
            <step title="Cleaning up temporary deployment - fetch deployment was successful" date="2025-10-26T07:56:57.786" /><!-- duration: 10ms -->
          </step><!-- duration: 8469ms -->
        </step><!-- duration: 10468ms -->
        <step title="Outgoing response" date="2025-10-26T07:56:58.037" type="response" statusCode="200" statusText="OK" /><!-- duration: 21ms -->
      </step><!-- duration: 10530ms -->
