<step title="Incoming Request" date="2025-10-26T07:24:39.149" instance="b69d9c" url="/api/publish?type=zip" method="POST" type="request" pid="767,1,7" Accept="*/*" Host="fa-job-importer.scm.azurewebsites.net" User-Agent="AZURECLI/2.78.0 (HOMEBREW)" Accept-Encoding="gzip, deflate" Authorization="Bea..." Cache-Control="no-cache" Content-Type="application/octet-stream" Cookie="ARRAffinity=b69d9c88041fe5125a840627a5b76422f886fc7a09938923c527e6effb8afe42; ARRAffinitySameSite=b69d9c88041fe5125a840627a5b76422f886fc7a09938923c527e6effb8afe42" Content-Length="24063" x-ms-client-request-id="c0a7f458-b23c-11f0-9859-e6ca8e22b212" x-ms-artifact-checksum="f0cf2be85eee480e7b4807b3ae1800b4735ef63e471a1a9e2e939ebc6f634afa" X-ARR-LOG-ID="c0a7f458-b23c-11f0-9859-e6ca8e22b212" CLIENT-IP="31.104.188.64:58211" X-SITE-DEPLOYMENT-ID="fa-job-importer" WAS-DEFAULT-HOSTNAME="fa-job-importer.scm.azurewebsites.net" X-Forwarded-Proto="https" X-AppService-Proto="https" X-Forwarded-TlsVersion="1.3" X-WAWS-Unencoded-URL="/api/publish?type=zip" X-Client-IP="31.104.188.64" X-Client-Port="58211" >
  <step title="Cleanup Xml Logs" date="2025-10-26T07:24:39.162" /><!-- duration: 30ms -->
  <step title="OneDeploy" date="2025-10-26T07:24:39.401" >
    <step title="None repository commit" date="2025-10-26T07:24:39.440" >
      <step title="Commit id: b5657d04-cb8d-4172-aad9-09e3f4fc4ad8" date="2025-10-26T07:24:39.454" Message="N/A" AuthorName="N/A" AuthorEmail="N/A" /><!-- duration: 19ms -->
    </step><!-- duration: 43ms -->
    <step title="Starting PushDeployAsync" date="2025-10-26T07:24:39.500" /><!-- duration: 12ms -->
    <step title="Writing artifact to /tmp/zipdeploy/9e5bcd81-cd75-484d-b3f0-c9ab2ca5d4e9.zip" date="2025-10-26T07:24:39.564" >
      <step title="Writing multipart request body to /tmp/zipdeploy/9e5bcd81-cd75-484d-b3f0-c9ab2ca5d4e9.zip" date="2025-10-26T07:24:39.582" /><!-- duration: 29ms -->
    </step><!-- duration: 109ms -->
    <step title="Attempting to fetch target branch HEAD" date="2025-10-26T07:24:39.704" /><!-- duration: 10ms -->
    <step title="Acquiring Deployment Lock" date="2025-10-26T07:24:39.725" /><!-- duration: 19ms -->
    <step title="Acquired Deployment Lock" date="2025-10-26T07:24:39.853" /><!-- duration: 8ms -->
    <step title="Performing fetch based deployment" date="2025-10-26T07:24:39.881" >
      <step title="Creating temporary deployment" date="2025-10-26T07:24:39.891" /><!-- duration: 101ms -->
      <step title="Releasing Deployment Lock" date="2025-10-26T07:24:41.222" /><!-- duration: 16ms -->
      <step title="Cleaning up temp folders from previous zip deployments and extracting pushed zip file /tmp/zipdeploy/9e5bcd81-cd75-484d-b3f0-c9ab2ca5d4e9.zip (0.02 MB) to /tmp/zipdeploy/extracted" date="2025-10-26T07:24:41.343" >
        <step title="ChmodRecursive Process exited with total time taken in ms: 78" date="2025-10-26T07:24:41.450" /><!-- duration: 15ms -->
      </step><!-- duration: 170ms -->
      <step title="None repository commit" date="2025-10-26T07:24:41.525" >
        <step title="Commit id: b5657d04-cb8d-4172-aad9-09e3f4fc4ad8" date="2025-10-26T07:24:41.532" Message="OneDeploy" AuthorName="N/A" AuthorEmail="N/A" /><!-- duration: 7ms -->
      </step><!-- duration: 22ms -->
      <step title="Deployment timer started" date="2025-10-26T07:24:43.560" >
        <step title="DeploymentManager.Deploy(id:b5657d04-cb8d-4172-aad9-09e3f4fc4ad8)" date="2025-10-26T07:24:43.573" >
          <step title="Collecting changeset information" date="2025-10-26T07:24:43.621" /><!-- duration: 216ms -->
          <step title="Updating submodules" date="2025-10-26T07:24:43.851" /><!-- duration: 1195ms -->
          <step title="Determining deployment builder" date="2025-10-26T07:24:45.538" >
            <step title="Builder is OneDeployBuilder" date="2025-10-26T07:24:45.562" /><!-- duration: 8ms -->
          </step><!-- duration: 41ms -->
          <step title="PreDeployment: context.CleanOutputPath False" date="2025-10-26T07:24:45.666" >
            <step title="PreDeployment: context.OutputPath /home/site/wwwroot" date="2025-10-26T07:24:45.881" >
              <step title="Building" date="2025-10-26T07:24:46.112" >
                <step title="Executing external process" date="2025-10-26T07:24:46.886" type="process" path="starter.sh" arguments="/opt/Kudu/Scripts/parallel_rsync.sh /tmp/zipdeploy/extracted /home/site/wwwroot 8 /tmp/ False False  " /><!-- duration: 3126ms -->
                <step title="Modified file to trigger a restart of the app container." date="2025-10-26T07:24:50.676" /><!-- duration: 7ms -->
                <step title="Skip function trigger and logicapp sync because function is not enabled." date="2025-10-26T07:24:50.692" /><!-- duration: 12ms -->
              </step><!-- duration: 5630ms -->
            </step><!-- duration: 5875ms -->
            <step title="Cleaning up temp files" date="2025-10-26T07:24:51.763" /><!-- duration: 9ms -->
            <step title="Cleaning up temp files" date="2025-10-26T07:24:51.782" /><!-- duration: 514ms -->
            <step title="Reloading status file with latest updates" date="2025-10-26T07:24:52.367" >
              <step title="WebHooksManager.PublishEventAsync: PostDeployment" date="2025-10-26T07:24:52.379" /><!-- duration: 114ms -->
            </step><!-- duration: 134ms -->
            <step title="Cleaning up temporary deployment - fetch deployment was successful" date="2025-10-26T07:24:52.522" /><!-- duration: 7ms -->
          </step><!-- duration: 6972ms -->
        </step><!-- duration: 9076ms -->
        <step title="Outgoing response" date="2025-10-26T07:24:52.661" type="response" statusCode="200" statusText="OK" /><!-- duration: 8ms -->
      </step><!-- duration: 9116ms -->
