<step title="BackgroundTrace" date="2025-10-26T08:59:49.479" instance="b69d9c" url="/deploy" method="POST" >
  <step title="Creating temporary deployment - FetchDeploymentManager" date="2025-10-26T08:59:49.777" /><!-- duration: 30ms -->
  <step title="Creating temporary deployment" date="2025-10-26T08:59:49.837" /><!-- duration: 94ms -->
  <step title="Performing fetch based deployment" date="2025-10-26T08:59:50.672" >
    <step title="Deployment timer started" date="2025-10-26T08:59:55.682" >
      <step title="DeploymentManager.Deploy(id:1ad8ba928640d484199f953ee44412370cb5d3fa)" date="2025-10-26T08:59:55.696" >
        <step title="Collecting changeset information" date="2025-10-26T08:59:55.765" /><!-- duration: 153ms -->
        <step title="Updating submodules" date="2025-10-26T08:59:55.932" /><!-- duration: 1250ms -->
        <step title="Determining deployment builder" date="2025-10-26T08:59:57.519" >
          <step title="Builder is OryxBuilder" date="2025-10-26T08:59:57.529" /><!-- duration: 14ms -->
        </step><!-- duration: 32ms -->
        <step title="PreDeployment: context.CleanOutputPath False" date="2025-10-26T08:59:57.620" >
          <step title="PreDeployment: context.OutputPath /home/site/wwwroot" date="2025-10-26T08:59:57.901" >
            <step title="Building" date="2025-10-26T08:59:58.150" >
              <step title="Executing external process" date="2025-10-26T08:59:58.918" type="process" path="bash" arguments="-c &quot;oryx build /home/site/repository -o /home/site/wwwroot --platform python --platform-version 3.11 -p virtualenv_name=antenv --log-file /tmp/build-debug.log  -i /tmp/8de146e09be7c55 --compress-destination-dir | tee /tmp/oryx-build.log ; exit $PIPESTATUS &quot;" >
                <step title="Cpu: python(957,26.010s)+ts(958,0.130s)+build.sh(956,0.000s)+build.sh(955,0.000s)+build.sh(851,0.060s)+oryx(830,6.520s)+tee(831,0.000s)+bash(829,0.000s)=total(32.700s)" date="2025-10-26T09:02:15.973" /><!-- duration: 32ms -->
                <step title="bash: no io activity for 61s, prev-cpu=-1.000s, current-cpu=32.700s" date="2025-10-26T09:02:20.486" /><!-- duration: 89ms -->
                <step title="Cpu: python(957,50.750s)+ts(958,0.130s)+build.sh(956,0.000s)+build.sh(955,0.000s)+build.sh(851,0.060s)+oryx(830,6.630s)+tee(831,0.000s)+bash(829,0.000s)=total(57.550s)" date="2025-10-26T09:03:21.380" /><!-- duration: 57ms -->
                <step title="bash: no io activity for 128s, prev-cpu=32.700s, current-cpu=57.550s" date="2025-10-26T09:03:21.471" /><!-- duration: 39ms -->
                <step title="Cpu: gzip(1072,41.660s)+sh(1071,0.000s)+tar(1070,1.140s)+build.sh(851,0.060s)+oryx(830,7.100s)+tee(831,0.000s)+bash(829,0.000s)=total(49.950s)" date="2025-10-26T09:05:16.435" /><!-- duration: 38ms -->
                <step title="bash: no io activity for 60s, prev-cpu=-1.000s, current-cpu=49.950s" date="2025-10-26T09:05:16.524" /><!-- duration: 60ms -->
              </step><!-- duration: 358967ms -->
              <step title="Using PythonDeploymentLogParser" date="2025-10-26T09:05:59.011" /><!-- duration: 12ms -->
              <step title="Triggering recycle (preview mode disabled)." date="2025-10-26T09:06:01.133" /><!-- duration: 30ms -->
              <step title="Modified file to trigger a restart of the app container." date="2025-10-26T09:06:01.256" /><!-- duration: 50ms -->
              <step title="Skip function trigger and logicapp sync because function is not enabled." date="2025-10-26T09:06:01.369" /><!-- duration: 18ms -->
            </step><!-- duration: 365229ms -->
          </step><!-- duration: 365539ms -->
          <step title="Cleaning up temp files" date="2025-10-26T09:06:03.510" /><!-- duration: 3620ms -->
          <step title="Cleaning up temp files" date="2025-10-26T09:06:07.144" /><!-- duration: 511ms -->
          <step title="Reloading status file with latest updates" date="2025-10-26T09:06:07.698" >
            <step title="WebHooksManager.PublishEventAsync: PostDeployment" date="2025-10-26T09:06:07.706" /><!-- duration: 170ms -->
          </step><!-- duration: 185ms -->
          <step title="Cleaning up temporary deployment - fetch deployment was successful" date="2025-10-26T09:06:07.898" /><!-- duration: 8ms -->
        </step><!-- duration: 370382ms -->
      </step><!-- duration: 372339ms -->
