<step title="Incoming Request" date="2025-10-26T08:59:48.006" instance="b69d9c" url="/deploy?scmType=ExternalGit&amp;isAsync=true" method="POST" type="request" pid="768,1,5" Host="fa-job-importer-v2.scm.azurewebsites.net" User-Agent="Azure-WebSites-Controller/105.0.7.92" Authorization="Bas..." Expect="100-continue" Content-Length="89" x-ms-request-id="029dab6c-5ed5-45d5-b14e-bf0ba864377d" X-ARR-LOG-ID="029dab6c-5ed5-45d5-b14e-bf0ba864377d" CLIENT-IP="20.105.224.24:3842" X-SITE-DEPLOYMENT-ID="fa-job-importer-v2" WAS-DEFAULT-HOSTNAME="fa-job-importer-v2.scm.azurewebsites.net" X-MS-PLATFORM-INTERNAL="True" X-Forwarded-Proto="https" X-AppService-Proto="https" X-Forwarded-TlsVersion="1.3" X-WAWS-Unencoded-URL="/deploy?scmType=ExternalGit&amp;isAsync=true" X-Client-IP="20.105.224.24" X-Client-Port="3842" >
  <step title="FetchHandler" date="2025-10-26T08:59:48.072" >
    <step title="GitExeRepository.Initialize" date="2025-10-26T08:59:48.172" >
      <step title="Executing external process" date="2025-10-26T08:59:48.184" type="process" path="git" arguments="init" /><!-- duration: 484ms -->
      <step title="Executing external process" date="2025-10-26T08:59:48.678" type="process" path="git" arguments="config core.autocrlf false" /><!-- duration: 42ms -->
      <step title="Executing external process" date="2025-10-26T08:59:48.727" type="process" path="git" arguments="config core.preloadindex true" /><!-- duration: 37ms -->
      <step title="Executing external process" date="2025-10-26T08:59:48.823" type="process" path="git" arguments="config user.name &quot;unknown&quot;" /><!-- duration: 56ms -->
      <step title="Executing external process" date="2025-10-26T08:59:48.887" type="process" path="git" arguments="config user.email &quot;unknown&quot;" /><!-- duration: 44ms -->
      <step title="Executing external process" date="2025-10-26T08:59:48.939" type="process" path="git" arguments="config filter.lfs.clean &quot;git-lfs clean %f&quot;" /><!-- duration: 36ms -->
      <step title="Executing external process" date="2025-10-26T08:59:48.983" type="process" path="git" arguments="config filter.lfs.smudge &quot;git-lfs smudge %f&quot;" /><!-- duration: 35ms -->
      <step title="Executing external process" date="2025-10-26T08:59:49.025" type="process" path="git" arguments="config filter.lfs.required true" /><!-- duration: 36ms -->
      <step title="Configure git server" date="2025-10-26T08:59:49.069" >
        <step title="Executing external process" date="2025-10-26T08:59:49.085" type="process" path="git" arguments="config receive.denyCurrentBranch ignore" /><!-- duration: 37ms -->
      </step><!-- duration: 61ms -->
      <step title="Create deny users for .git folder" date="2025-10-26T08:59:49.140" /><!-- duration: 60ms -->
      <step title="Configure git-credential" date="2025-10-26T08:59:49.210" >
        <step title="Executing external process" date="2025-10-26T08:59:49.243" type="process" path="git" arguments="config credential.helper &quot;!&apos;/home/site/repository/.git/hooks/git-credential-invalid.sh&apos;&quot;" /><!-- duration: 43ms -->
      </step><!-- duration: 84ms -->
      <step title="Setup post receive hook" date="2025-10-26T08:59:49.302" >
        <step title="Non-Windows enviroment, granting 755 permission to post-receive hook file" date="2025-10-26T08:59:49.341" /><!-- duration: 27ms -->
      </step><!-- duration: 75ms -->
    </step><!-- duration: 1215ms -->
    <step title="Executing external process" date="2025-10-26T08:59:49.397" type="process" path="git" arguments="log -n 1 main --" >
      <step title="Process dump" date="2025-10-26T08:59:49.441" exitCode="128" type="processOutput" /><!-- duration: 8ms -->
    </step><!-- duration: 61ms -->
    <step title="Start deployment in the background" date="2025-10-26T08:59:49.471" >
      <step title="Executing external process" date="2025-10-26T08:59:49.509" type="process" path="git" arguments="rev-parse --git-dir" /><!-- duration: 22ms -->
      <step title="Executing external process" date="2025-10-26T08:59:49.540" type="process" path="git" arguments="rev-parse --git-dir" /><!-- duration: 20ms -->
      <step title="Executing external process" date="2025-10-26T08:59:49.574" type="process" path="git" arguments="log -n 1 main --" >
        <step title="Process dump" date="2025-10-26T08:59:49.610" exitCode="128" type="processOutput" /><!-- duration: 9ms -->
      </step><!-- duration: 53ms -->
      <step title="Acquiring Deployment Lock" date="2025-10-26T08:59:49.635" /><!-- duration: 7ms -->
      <step title="Acquired Deployment Lock" date="2025-10-26T08:59:49.723" /><!-- duration: 24ms -->
    </step><!-- duration: 469ms -->
  </step><!-- duration: 1877ms -->
  <step title="Outgoing response" date="2025-10-26T08:59:49.958" type="response" statusCode="202" statusText="Accepted" /><!-- duration: 16ms -->
</step><!-- duration: 1976ms -->
