﻿<?xml version="1.0" encoding="utf-8"?>
<deployment>
  <id>0c223cc9-6aa1-4e56-a117-2177f9bfa72f</id>
  <author>N/A</author>
  <deployer>OneDeploy</deployer>
  <authorEmail>N/A</authorEmail>
  <message>OneDeploy</message>
  <progress></progress>
  <status>Success</status>
  <statusText></statusText>
  <lastSuccessEndTime>2025-10-26T07:56:56.3285742Z</lastSuccessEndTime>
  <receivedTime>2025-10-26T07:56:47.6488134Z</receivedTime>
  <startTime>2025-10-26T07:56:49.3017513Z</startTime>
  <endTime>2025-10-26T07:56:56.3285742Z</endTime>
  <complete>True</complete>
  <is_temp>False</is_temp>
  <is_readonly>True</is_readonly>
  <buildSummary />
</deployment>