﻿<?xml version="1.0" encoding="utf-8"?>
<deployment>
  <id>3d82804f-d19e-4a65-9bc4-95dfc413664d</id>
  <author>N/A</author>
  <deployer>OneDeploy</deployer>
  <authorEmail>N/A</authorEmail>
  <message>OneDeploy</message>
  <progress></progress>
  <status>Success</status>
  <statusText></statusText>
  <lastSuccessEndTime>2025-10-26T06:05:06.1317151Z</lastSuccessEndTime>
  <receivedTime>2025-10-26T06:04:55.414707Z</receivedTime>
  <startTime>2025-10-26T06:04:57.0918826Z</startTime>
  <endTime>2025-10-26T06:05:06.1317151Z</endTime>
  <complete>True</complete>
  <is_temp>False</is_temp>
  <is_readonly>True</is_readonly>
  <buildSummary />
</deployment>