﻿<?xml version="1.0" encoding="utf-8"?>
<deployment>
  <id>b5657d04-cb8d-4172-aad9-09e3f4fc4ad8</id>
  <author>N/A</author>
  <deployer>OneDeploy</deployer>
  <authorEmail>N/A</authorEmail>
  <message>OneDeploy</message>
  <progress></progress>
  <status>Success</status>
  <statusText></statusText>
  <lastSuccessEndTime>2025-10-26T07:24:51.1501609Z</lastSuccessEndTime>
  <receivedTime>2025-10-26T07:24:43.6622332Z</receivedTime>
  <startTime>2025-10-26T07:24:45.4448008Z</startTime>
  <endTime>2025-10-26T07:24:51.1501609Z</endTime>
  <complete>True</complete>
  <is_temp>False</is_temp>
  <is_readonly>True</is_readonly>
  <buildSummary />
</deployment>