<step title="BackgroundTrace" date="2025-10-26T08:43:48.131" instance="b69d9c" url="/deploy" method="POST" >
  <step title="Creating temporary deployment - FetchDeploymentManager" date="2025-10-26T08:43:48.290" /><!-- duration: 5ms -->
  <step title="Creating temporary deployment" date="2025-10-26T08:43:48.305" /><!-- duration: 174ms -->
  <step title="Performing fetch based deployment" date="2025-10-26T08:43:48.609" >
    <step title="Deployment timer started" date="2025-10-26T08:43:51.570" >
      <step title="DeploymentManager.Deploy(id:1ad8ba928640d484199f953ee44412370cb5d3fa)" date="2025-10-26T08:43:51.586" >
        <step title="Collecting changeset information" date="2025-10-26T08:43:51.637" /><!-- duration: 148ms -->
        <step title="Updating submodules" date="2025-10-26T08:43:51.940" /><!-- duration: 1457ms -->
        <step title="Determining deployment builder" date="2025-10-26T08:43:53.683" >
          <step title="Builder is OryxBuilder" date="2025-10-26T08:43:53.691" /><!-- duration: 8ms -->
        </step><!-- duration: 30ms -->
        <step title="PreDeployment: context.CleanOutputPath False" date="2025-10-26T08:43:53.783" >
          <step title="PreDeployment: context.OutputPath /home/site/wwwroot" date="2025-10-26T08:43:53.962" >
            <step title="Building" date="2025-10-26T08:43:54.130" >
              <step title="Executing external process" date="2025-10-26T08:43:54.576" type="process" path="bash" arguments="-c &quot;oryx build /home/site/repository -o /home/site/wwwroot --platform python --platform-version 3.11 -p virtualenv_name=antenv --log-file /tmp/build-debug.log  -i /tmp/8de146bcb40e8ca --compress-destination-dir | tee /tmp/oryx-build.log ; exit $PIPESTATUS &quot;" >
                <step title="Cpu: python(1256,20.110s)+ts(1257,0.120s)+build.sh(1255,0.000s)+build.sh(1254,0.000s)+build.sh(1162,0.040s)+oryx(1143,3.740s)+tee(1144,0.000s)+bash(1142,0.010s)=total(23.960s)" date="2025-10-26T08:45:45.563" /><!-- duration: 202ms -->
                <step title="bash: no io activity for 60s, prev-cpu=-1.000s, current-cpu=23.960s" date="2025-10-26T08:45:46.136" /><!-- duration: 90ms -->
                <step title="Cpu: python(1256,46.110s)+ts(1257,0.120s)+build.sh(1255,0.000s)+build.sh(1254,0.000s)+build.sh(1162,0.040s)+oryx(1143,3.820s)+tee(1144,0.000s)+bash(1142,0.010s)=total(50.080s)" date="2025-10-26T08:46:47.664" /><!-- duration: 111ms -->
                <step title="bash: no io activity for 124s, prev-cpu=23.960s, current-cpu=50.080s" date="2025-10-26T08:46:47.974" /><!-- duration: 63ms -->
                <step title="Error occurred" date="2025-10-26T08:47:51.563" type="error" text="GetParentProcessLinux (1321) failed.: Could not find a part of the path &apos;/proc/1321/stat&apos;." stackTrace="   at Interop.ThrowExceptionForIoErrno(ErrorInfo errorInfo, String path, Boolean isDirError)
   at Microsoft.Win32.SafeHandles.SafeFileHandle.Open(String fullPath, FileMode mode, FileAccess access, FileShare share, FileOptions options, Int64 preallocationSize, UnixFileMode openPermissions, Int64&amp; fileLength, UnixFileMode&amp; filePermissions, Boolean failForSymlink, Boolean&amp; wasSymlink, Func`4 createOpenException)
   at System.IO.Strategies.OSFileStreamStrategy..ctor(String path, FileMode mode, FileAccess access, FileShare share, FileOptions options, Int64 preallocationSize, Nullable`1 unixCreateMode)
   at Kudu.Core.Infrastructure.ProcessExtensions.GetParentProcessLinux(Process process, ITracer tracer) in /tmp/KuduLite/Kudu.Core/Infrastructure/ProcessExtensions.cs:line 153" /><!-- duration: 123ms -->
                <step title="Cpu: python(1256,59.310s)+ts(1257,0.120s)+build.sh(1255,0.000s)+build.sh(1254,0.000s)+build.sh(1162,0.040s)+oryx(1143,3.930s)+tee(1144,0.000s)+bash(1142,0.010s)=total(63.390s)" date="2025-10-26T08:47:52.749" /><!-- duration: 91ms -->
                <step title="bash: no io activity for 186s, prev-cpu=50.080s, current-cpu=63.390s" date="2025-10-26T08:47:52.943" /><!-- duration: 80ms -->
