<step title="Incoming Request" date="2025-10-26T09:24:22.426" instance="b69d9c" url="/deploy?scmType=ExternalGit&amp;isAsync=true" method="POST" type="request" pid="769,1,27" Host="fa-job-importer-v2.scm.azurewebsites.net" User-Agent="Azure-WebSites-Controller/105.0.7.92" Authorization="Bas..." Expect="100-continue" Content-Length="89" x-ms-request-id="e55332af-d899-4e95-8ff8-e19eae182725" X-ARR-LOG-ID="e55332af-d899-4e95-8ff8-e19eae182725" CLIENT-IP="20.105.224.24:4929" X-SITE-DEPLOYMENT-ID="fa-job-importer-v2" WAS-DEFAULT-HOSTNAME="fa-job-importer-v2.scm.azurewebsites.net" X-MS-PLATFORM-INTERNAL="True" X-Forwarded-Proto="https" X-AppService-Proto="https" X-Forwarded-TlsVersion="1.3" X-WAWS-Unencoded-URL="/deploy?scmType=ExternalGit&amp;isAsync=true" X-Client-IP="20.105.224.24" X-Client-Port="4929" >
  <step title="Cleanup Xml Logs" date="2025-10-26T09:24:22.440" /><!-- duration: 18ms -->
  <step title="FetchHandler" date="2025-10-26T09:24:22.607" >
    <step title="Executing external process" date="2025-10-26T09:24:22.865" type="process" path="git" arguments="rev-parse --git-dir" /><!-- duration: 569ms -->
    <step title="Executing external process" date="2025-10-26T09:24:23.506" type="process" path="git" arguments="rev-parse --git-dir" /><!-- duration: 24ms -->
    <step title="Executing external process" date="2025-10-26T09:24:23.538" type="process" path="git" arguments="log -n 1 main --" /><!-- duration: 105ms -->
    <step title="Start deployment in the background" date="2025-10-26T09:24:23.673" >
      <step title="Executing external process" date="2025-10-26T09:24:23.749" type="process" path="git" arguments="rev-parse --git-dir" /><!-- duration: 19ms -->
      <step title="Executing external process" date="2025-10-26T09:24:23.778" type="process" path="git" arguments="rev-parse --git-dir" /><!-- duration: 15ms -->
      <step title="Executing external process" date="2025-10-26T09:24:23.801" type="process" path="git" arguments="log -n 1 main --" /><!-- duration: 26ms -->
      <step title="Acquiring Deployment Lock" date="2025-10-26T09:24:23.841" /><!-- duration: 13ms -->
      <step title="Acquired Deployment Lock" date="2025-10-26T09:24:24.071" /><!-- duration: 9ms -->
    </step><!-- duration: 790ms -->
  </step><!-- duration: 1868ms -->
  <step title="Outgoing response" date="2025-10-26T09:24:24.486" type="response" statusCode="202" statusText="Accepted" /><!-- duration: 7ms -->
</step><!-- duration: 2077ms -->
