﻿<?xml version="1.0" encoding="utf-8"?>
<deployment>
  <id>1ad8ba928640d484199f953ee44412370cb5d3fa</id>
  <author>Matthew smith</author>
  <deployer>GitHub</deployer>
  <authorEmail>matthewsmith@Matthews-MacBook-Air-2.local</authorEmail>
  <message>Add Azure deployment configuration files and GitHub Actions workflow</message>
  <progress></progress>
  <status>Failed</status>
  <statusText></statusText>
  <lastSuccessEndTime>2025-10-26T08:43:14.1167704Z</lastSuccessEndTime>
  <receivedTime>2025-10-26T08:38:00.6678618Z</receivedTime>
  <startTime>2025-10-26T08:55:53.2095352Z</startTime>
  <endTime>2025-10-26T08:55:58.6727747Z</endTime>
  <complete>True</complete>
  <is_temp>False</is_temp>
  <is_readonly>False</is_readonly>
  <buildSummary />
</deployment>