{
  "regularcleaning": {
    "name": "Regular Cleaning Ltd",
    "fa_domain": "regularcleaning.facilityapps.com",
    "fa_token": "your_token_here",
    "admin_email": "admin@regularcleaning.co.uk",
    "features": [
      "recurring_jobs",
      "csv_import",
      "api_integration"
    ],
    "created_date": "2025-01-01",
    "status": "active",
    "branding": {
      "primary_color": "#030213",
      "logo": "\ud83e\uddf9",
      "company_name": "Regular Cleaning"
    }
  },
  "officeclean": {
    "name": "Office Clean Services",
    "fa_domain": "officeclean.facilityapps.com",
    "fa_token": "your_token_here",
    "admin_email": "admin@officeclean.co.uk",
    "features": [
      "recurring_jobs",
      "csv_import"
    ],
    "created_date": "2025-01-15",
    "status": "active",
    "branding": {
      "primary_color": "#2563eb",
      "logo": "\ud83c\udfe2",
      "company_name": "Office Clean"
    }
  },
  "hospital": {
    "name": "Hospital Cleaning Services",
    "fa_domain": "hospital.facilityapps.com",
    "fa_token": "your_token_here",
    "admin_email": "admin@hospitalclean.co.uk",
    "features": [
      "recurring_jobs",
      "csv_import",
      "api_integration",
      "compliance"
    ],
    "created_date": "2025-01-20",
    "status": "active",
    "branding": {
      "primary_color": "#dc2626",
      "logo": "\ud83c\udfe5",
      "company_name": "Hospital Clean"
    }
  }
}