{
  "info": {
    "name": "FacilityApps API Collection",
    "description": "Complete API collection for FacilityApps REST and GraphQL endpoints including forms and form submissions",
    "schema": "https://schema.getpostman.com/json/collection/v2.1.0/collection.json",
    "version": {
      "major": 1,
      "minor": 0,
      "patch": 0
    }
  },
  "item": [
    {
      "name": "REST API",
      "description": "REST API endpoints for users, contacts, employees, sites, floors, spaces, and tasks",
      "item": [
        {
          "name": "Users",
          "item": [
            {
              "name": "Get Users",
              "request": {
                "method": "GET",
                "header": [
                  {
                    "key": "Authorization",
                    "value": "Bearer {{token}}",
                    "type": "text"
                  },
                  {
                    "key": "Content-Type",
                    "value": "application/json",
                    "type": "text"
                  }
                ],
                "url": {
                  "raw": "{{base_url}}/user",
                  "host": ["{{base_url}}"],
                  "path": ["user"]
                },
                "description": "Retrieve all users from the system"
              },
              "response": [
                {
                  "name": "Success Response",
                  "originalRequest": {
                    "method": "GET",
                    "header": [],
                    "url": {
                      "raw": "{{base_url}}/user",
                      "host": ["{{base_url}}"],
                      "path": ["user"]
                    }
                  },
                  "status": "OK",
                  "code": 200,
                  "_postman_previewlanguage": "json",
                  "header": [
                    {
                      "key": "Content-Type",
                      "value": "application/json"
                    }
                  ],
                  "cookie": [],
                  "body": "[\n  {\n    \"object\": \"user\",\n    \"id\": \"1\",\n    \"user_name\": \"eric.kok@facilityapps.com\",\n    \"email\": \"eric.kok@facilityapps.com\",\n    \"links\": {\n      \"contact\": \"1\"\n    },\n    \"metadata\": [],\n    \"created_at\": null,\n    \"updated_at\": \"2025-06-30T02:28:44+01:00\",\n    \"real_id\": 1,\n    \"deleted_at\": null\n  }\n]"
                }
              ]
            }
          ]
        },
        {
          "name": "Contacts",
          "item": [
            {
              "name": "Get Contacts",
              "request": {
                "method": "GET",
                "header": [
                  {
                    "key": "Authorization",
                    "value": "Bearer {{token}}",
                    "type": "text"
                  },
                  {
                    "key": "Content-Type",
                    "value": "application/json",
                    "type": "text"
                  }
                ],
                "url": {
                  "raw": "{{base_url}}/contact",
                  "host": ["{{base_url}}"],
                  "path": ["contact"]
                },
                "description": "Retrieve all contacts from the system"
              }
            }
          ]
        },
        {
          "name": "Employees",
          "item": [
            {
              "name": "Get Employees",
              "request": {
                "method": "GET",
                "header": [
                  {
                    "key": "Authorization",
                    "value": "Bearer {{token}}",
                    "type": "text"
                  },
                  {
                    "key": "Content-Type",
                    "value": "application/json",
                    "type": "text"
                  }
                ],
                "url": {
                  "raw": "{{base_url}}/employee",
                  "host": ["{{base_url}}"],
                  "path": ["employee"]
                },
                "description": "Retrieve all employees from the system"
              }
            }
          ]
        },
        {
          "name": "Sites",
          "item": [
            {
              "name": "Get Sites",
              "request": {
                "method": "GET",
                "header": [
                  {
                    "key": "Authorization",
                    "value": "Bearer {{token}}",
                    "type": "text"
                  },
                  {
                    "key": "Content-Type",
                    "value": "application/json",
                    "type": "text"
                  }
                ],
                "url": {
                  "raw": "{{base_url}}/planning/sites",
                  "host": ["{{base_url}}"],
                  "path": ["planning", "sites"]
                },
                "description": "Retrieve all sites from the planning system"
              }
            }
          ]
        },
        {
          "name": "Floors",
          "item": [
            {
              "name": "Get Floors",
              "request": {
                "method": "GET",
                "header": [
                  {
                    "key": "Authorization",
                    "value": "Bearer {{token}}",
                    "type": "text"
                  },
                  {
                    "key": "Content-Type",
                    "value": "application/json",
                    "type": "text"
                  }
                ],
                "url": {
                  "raw": "{{base_url}}/planning/floors",
                  "host": ["{{base_url}}"],
                  "path": ["planning", "floors"]
                },
                "description": "Retrieve all floors from the planning system"
              }
            }
          ]
        },
        {
          "name": "Spaces",
          "item": [
            {
              "name": "Get Spaces",
              "request": {
                "method": "GET",
                "header": [
                  {
                    "key": "Authorization",
                    "value": "Bearer {{token}}",
                    "type": "text"
                  },
                  {
                    "key": "Content-Type",
                    "value": "application/json",
                    "type": "text"
                  }
                ],
                "url": {
                  "raw": "{{base_url}}/planning/spaces",
                  "host": ["{{base_url}}"],
                  "path": ["planning", "spaces"]
                },
                "description": "Retrieve all spaces from the planning system"
              }
            }
          ]
        },
        {
          "name": "Tasks",
          "item": [
            {
              "name": "Get Tasks",
              "request": {
                "method": "GET",
                "header": [
                  {
                    "key": "Authorization",
                    "value": "Bearer {{token}}",
                    "type": "text"
                  },
                  {
                    "key": "Content-Type",
                    "value": "application/json",
                    "type": "text"
                  }
                ],
                "url": {
                  "raw": "{{base_url}}/tasks",
                  "host": ["{{base_url}}"],
                  "path": ["tasks"]
                },
                "description": "Retrieve all tasks from the system"
              }
            }
          ]
        }
      ]
    },
    {
      "name": "GraphQL API",
      "description": "GraphQL API endpoints for forms, form submissions, and question configurations",
      "item": [
        {
          "name": "Forms",
          "item": [
            {
              "name": "Get Forms List",
              "request": {
                "method": "POST",
                "header": [
                  {
                    "key": "Authorization",
                    "value": "Bearer {{token}}",
                    "type": "text"
                  },
                  {
                    "key": "Content-Type",
                    "value": "application/json",
                    "type": "text"
                  }
                ],
                "body": {
                  "mode": "raw",
                  "raw": "{\n  \"query\": \"query { forms(first: 50) { data { id name type isLogbook version canSubmit createdAt updatedAt } paginatorInfo { total count currentPage lastPage } } }\"\n}",
                  "options": {
                    "raw": {
                      "language": "json"
                    }
                  }
                },
                "url": {
                  "raw": "{{graphql_url}}",
                  "host": ["{{graphql_url}}"]
                },
                "description": "Retrieve all forms with pagination"
              },
              "response": [
                {
                  "name": "Success Response",
                  "originalRequest": {
                    "method": "POST",
                    "header": [
                      {
                        "key": "Authorization",
                        "value": "Bearer {{token}}",
                        "type": "text"
                      },
                      {
                        "key": "Content-Type",
                        "value": "application/json",
                        "type": "text"
                      }
                    ],
                    "body": {
                      "mode": "raw",
                      "raw": "{\n  \"query\": \"query { forms(first: 50) { data { id name type isLogbook version canSubmit createdAt updatedAt } paginatorInfo { total count currentPage lastPage } } }\"\n}",
                      "options": {
                        "raw": {
                          "language": "json"
                        }
                      }
                    },
                    "url": {
                      "raw": "{{graphql_url}}",
                      "host": ["{{graphql_url}}"]
                    }
                  },
                  "status": "OK",
                  "code": 200,
                  "_postman_previewlanguage": "json",
                  "header": [
                    {
                      "key": "Content-Type",
                      "value": "application/json"
                    }
                  ],
                  "cookie": [],
                  "body": "{\n  \"data\": {\n    \"forms\": {\n      \"data\": [\n        {\n          \"id\": \"8\",\n          \"name\": \"Add Logbook / Complaint\",\n          \"type\": \"SITE\",\n          \"isLogbook\": true,\n          \"version\": 1,\n          \"canSubmit\": true,\n          \"createdAt\": \"2025-02-20T21:16:10\",\n          \"updatedAt\": \"2025-05-13T12:43:49\"\n        }\n      ],\n      \"paginatorInfo\": {\n        \"total\": 69,\n        \"count\": 50,\n        \"currentPage\": 1,\n        \"lastPage\": 2\n      }\n    }\n  }\n}"
                }
              ]
            },
            {
              "name": "Get Forms with Pagination",
              "request": {
                "method": "POST",
                "header": [
                  {
                    "key": "Authorization",
                    "value": "Bearer {{token}}",
                    "type": "text"
                  },
                  {
                    "key": "Content-Type",
                    "value": "application/json",
                    "type": "text"
                  }
                ],
                "body": {
                  "mode": "raw",
                  "raw": "{\n  \"query\": \"query { forms(first: 10, page: 2) { data { id name type isLogbook version canSubmit createdAt updatedAt } paginatorInfo { total count currentPage lastPage } } }\"\n}",
                  "options": {
                    "raw": {
                      "language": "json"
                    }
                  }
                },
                "url": {
                  "raw": "{{graphql_url}}",
                  "host": ["{{graphql_url}}"]
                },
                "description": "Retrieve forms with custom pagination (10 per page, page 2)"
              }
            }
          ]
        },
        {
          "name": "Form Submissions",
          "item": [
            {
              "name": "Get Form Submission by ID",
              "request": {
                "method": "POST",
                "header": [
                  {
                    "key": "Authorization",
                    "value": "Bearer {{token}}",
                    "type": "text"
                  },
                  {
                    "key": "Content-Type",
                    "value": "application/json",
                    "type": "text"
                  }
                ],
                "body": {
                  "mode": "raw",
                  "raw": "{\n  \"query\": \"query { formSubmission(id: 127) { id submitterName form { id name type } answers { id answer answerProcessed question { id name identifier type options settings required explanation order defaultValue maxChoices optionTranslation createdAt updatedAt } } createdAt updatedAt } }\"\n}",
                  "options": {
                    "raw": {
                      "language": "json"
                    }
                  }
                },
                "url": {
                  "raw": "{{graphql_url}}",
                  "host": ["{{graphql_url}}"]
                },
                "description": "Retrieve a specific form submission with complete question configurations and answers"
              },
              "response": [
                {
                  "name": "Success Response",
                  "originalRequest": {
                    "method": "POST",
                    "header": [
                      {
                        "key": "Authorization",
                        "value": "Bearer {{token}}",
                        "type": "text"
                      },
                      {
                        "key": "Content-Type",
                        "value": "application/json",
                        "type": "text"
                      }
                    ],
                    "body": {
                      "mode": "raw",
                      "raw": "{\n  \"query\": \"query { formSubmission(id: 127) { id submitterName form { id name type } answers { id answer answerProcessed question { id name identifier type options settings required explanation order defaultValue maxChoices optionTranslation createdAt updatedAt } } createdAt updatedAt } }\"\n}",
                      "options": {
                        "raw": {
                          "language": "json"
                        }
                      }
                    },
                    "url": {
                      "raw": "{{graphql_url}}",
                      "host": ["{{graphql_url}}"]
                    }
                  },
                  "status": "OK",
                  "code": 200,
                  "_postman_previewlanguage": "json",
                  "header": [
                    {
                      "key": "Content-Type",
                      "value": "application/json"
                    }
                  ],
                  "cookie": [],
                  "body": "{\n  \"data\": {\n    \"formSubmission\": {\n      \"id\": \"127\",\n      \"submitterName\": \"No user\",\n      \"form\": {\n        \"id\": \"92\",\n        \"name\": \"Deliveries\",\n        \"type\": \"SITE\"\n      },\n      \"answers\": [\n        {\n          \"id\": \"711\",\n          \"answer\": \"1\",\n          \"answerProcessed\": \"Yes\",\n          \"question\": {\n            \"id\": \"2629\",\n            \"name\": \"Would you like to record a delivery today\",\n            \"identifier\": \"Q000000\",\n            \"type\": \"YES_NO\",\n            \"options\": null,\n            \"settings\": null,\n            \"required\": false,\n            \"explanation\": null,\n            \"order\": 0,\n            \"defaultValue\": null,\n            \"maxChoices\": null,\n            \"optionTranslation\": \"\",\n            \"createdAt\": \"2025-02-20T21:16:10\",\n            \"updatedAt\": \"2025-05-13T12:43:49\"\n          }\n        }\n      ],\n      \"createdAt\": \"2025-05-14 10:27:18\",\n      \"updatedAt\": \"2025-05-14 10:27:20\"\n    }\n  }\n}"
                }
              ]
            },
            {
              "name": "Get Form Submission 20 (Bus Audit)",
              "request": {
                "method": "POST",
                "header": [
                  {
                    "key": "Authorization",
                    "value": "Bearer {{token}}",
                    "type": "text"
                  },
                  {
                    "key": "Content-Type",
                    "value": "application/json",
                    "type": "text"
                  }
                ],
                "body": {
                  "mode": "raw",
                  "raw": "{\n  \"query\": \"query { formSubmission(id: 20) { id submitterName form { id name type } answers { id answer answerProcessed question { id name identifier type options settings required explanation order defaultValue maxChoices optionTranslation createdAt updatedAt } } createdAt updatedAt } }\"\n}",
                  "options": {
                    "raw": {
                      "language": "json"
                    }
                  }
                },
                "url": {
                  "raw": "{{graphql_url}}",
                  "host": ["{{graphql_url}}"]
                },
                "description": "Retrieve Bus Audit form submission (ID: 20) with 20 questions and answers"
              }
            },
            {
              "name": "Get Form Submission 50 (Train Audit)",
              "request": {
                "method": "POST",
                "header": [
                  {
                    "key": "Authorization",
                    "value": "Bearer {{token}}",
                    "type": "text"
                  },
                  {
                    "key": "Content-Type",
                    "value": "application/json",
                    "type": "text"
                  }
                ],
                "body": {
                  "mode": "raw",
                  "raw": "{\n  \"query\": \"query { formSubmission(id: 50) { id submitterName form { id name type } answers { id answer answerProcessed question { id name identifier type options settings required explanation order defaultValue maxChoices optionTranslation createdAt updatedAt } } createdAt updatedAt } }\"\n}",
                  "options": {
                    "raw": {
                      "language": "json"
                    }
                  }
                },
                "url": {
                  "raw": "{{graphql_url}}",
                  "host": ["{{graphql_url}}"]
                },
                "description": "Retrieve Train Audit form submission (ID: 50) with 6 questions and answers"
              }
            }
          ]
        },
        {
          "name": "Schema Introspection",
          "item": [
            {
              "name": "Get Schema Types",
              "request": {
                "method": "POST",
                "header": [
                  {
                    "key": "Authorization",
                    "value": "Bearer {{token}}",
                    "type": "text"
                  },
                  {
                    "key": "Content-Type",
                    "value": "application/json",
                    "type": "text"
                  }
                ],
                "body": {
                  "mode": "raw",
                  "raw": "{\n  \"query\": \"query { __schema { queryType { fields { name description } } types { name kind fields { name type { name kind } } } } }\"\n}",
                  "options": {
                    "raw": {
                      "language": "json"
                    }
                  }
                },
                "url": {
                  "raw": "{{graphql_url}}",
                  "host": ["{{graphql_url}}"]
                },
                "description": "Introspect the GraphQL schema to discover available types and fields"
              }
            },
            {
              "name": "Get Form Type Schema",
              "request": {
                "method": "POST",
                "header": [
                  {
                    "key": "Authorization",
                    "value": "Bearer {{token}}",
                    "type": "text"
                  },
                  {
                    "key": "Content-Type",
                    "value": "application/json",
                    "type": "text"
                  }
                ],
                "body": {
                  "mode": "raw",
                  "raw": "{\n  \"query\": \"query { __type(name: \\\"Form\\\") { name kind description fields { name description type { name kind ofType { name kind } } } } }\"\n}",
                  "options": {
                    "raw": {
                      "language": "json"
                    }
                  }
                },
                "url": {
                  "raw": "{{graphql_url}}",
                  "host": ["{{graphql_url}}"]
                },
                "description": "Get detailed schema information for the Form type"
              }
            },
            {
              "name": "Get FormQuestion Type Schema",
              "request": {
                "method": "POST",
                "header": [
                  {
                    "key": "Authorization",
                    "value": "Bearer {{token}}",
                    "type": "text"
                  },
                  {
                    "key": "Content-Type",
                    "value": "application/json",
                    "type": "text"
                  }
                ],
                "body": {
                  "mode": "raw",
                  "raw": "{\n  \"query\": \"query { __type(name: \\\"FormQuestion\\\") { name kind description fields { name description type { name kind ofType { name kind } } } } }\"\n}",
                  "options": {
                    "raw": {
                      "language": "json"
                    }
                  }
                },
                "url": {
                  "raw": "{{graphql_url}}",
                  "host": ["{{graphql_url}}"]
                },
                "description": "Get detailed schema information for the FormQuestion type"
              }
            }
          ]
        }
      ]
    }
  ],
  "variable": [
    {
      "key": "base_url",
      "value": "https://demouk.facilityapps.com/api/v1",
      "type": "string"
    },
    {
      "key": "graphql_url",
      "value": "https://demouk.facilityapps.com/api/graphql",
      "type": "string"
    },
    {
      "key": "token",
      "value": "your_bearer_token_here",
      "type": "string"
    }
  ]
}
