title_en,description_en,date_start,date_end,hour_start,minute_start,hour_end,minute_end,site_name,floor_name,space_name,owner_email,label_list,recurrence_type,recurrence_end_date,recurrence_days,recurrence_interval,form_name
Daily clean - One-off,Single occurrence job,2025-11-01,2025-11-01,9,0,17,0,00001 London HQ,Floor 1,,matt@facilityapps.co.uk,"priority,ext:ROW001",none,,,
Daily inspection,Every day for a month,2025-11-01,2025-11-30,8,0,9,0,00001 London HQ,Floor 1,,matt@facilityapps.co.uk,daily,daily,2025-11-30,,1
Weekday cleaning,Monday to Friday only,2025-11-01,2025-11-30,7,0,8,0,00001 London HQ,Floor 1,,matt@facilityapps.co.uk,weekdays,weekdays,2025-11-30,,
Weekly meeting,Every Monday and Wednesday,2025-11-04,2025-12-31,14,0,15,0,00001 London HQ,Floor 1,Conference Room,matt@facilityapps.co.uk,meeting,weekly,2025-12-31,"Mon,Wed",
Bi-weekly maintenance,Every 2 weeks on Tuesday,2025-11-05,2026-02-28,10,0,12,0,00001 London HQ,Floor 1,Boiler Room,matt@facilityapps.co.uk,maintenance,biweekly,2026-02-28,Tue,
Monthly inspection,First Monday of each month,2025-11-04,2026-01-31,13,0,16,0,,,,,"inspection,monthly",monthly,2026-01-31,,1