{
  "id": null,
  "sequence_date": null,
  "editMode": "all",
  "mode": "roster",
  "translations": [
    {
      "id": "new-0",
      "regionCode": "en_EN",
      "text": "Single Visit 1hr"
    },
    {
      "id": "new-1",
      "regionCode": "nl_NL",
      "text": "Mijn titel"
    }
  ],
  "description_translations": [
    {
      "id": "new-0",
      "regionCode": "en_EN",
      "text": "Single occurrence job"
    },
    {
      "id": "new-1",
      "regionCode": "nl_NL",
      "text": "Mijn omschrijving"
    }
  ],
  "date_start": "2025-11-01",
  "date_end": "2025-11-01",
  "hour_start": "6",
  "minute_start": "0",
  "hour_end": "8",
  "minute_end": "0",
  "locations": "833",
  "floors_spaces": {
      "7": [
        "8"
      ]
    },
  "contracts": [],
  "rate": null,
  "invoicable": false,
  "clock_hourtype_id": null,
  "duration_seconds": null,
  "owners": [
    {
      "id": "34",
      "employeeToPosition": {
        "id": "2"
      }
    }
  ],
  "owner_roles": [],
  "approvers": [],
  "approver_roles": [],
  "watchers": [],
  "watcher_roles": [],
  "subtasks": [],
  "contractSubtask": null,
  "syncForms": false,
  "labels": [],
  "instruction-documents": [],
  "remove-instruction-documents": [],
  "repeat_interval_length": 1,
  "use_day_of_week": false,
  "frequency_daily_repeat": [],
  "frequency_weekly_repeat": [],
  "frequency_monthly_repeat": [],
  "frequency_stop_repeat":null,
  "frequency_stop_repeat_number_value": null,
  "repeat_interval_period": null,
  "task_sampling_select": null,
  "subtask_sampling_select": null,
  "exception-mode": 0,
  "excludeExceptions": "1",
  "task_complete_emails": true,
  "task_canceled_emails": true,
  "save_as_concept": false,
  "task_form_submission_id": null,
  "task_form_submission_visible": false
}
